poverty,median_hh_income\\
13.7,55317\\
11.8,52562\\
27.2,33368\\
15.2,43404\\
15.6,47412\\
28.5,29655\\
18.8,37342\\
16.1,40041\\
19.4,43501\\
22.3,32122\\
25.3,33827\\
19.1,37287\\
19.1,37396\\
16.1,49821\\
16.8,45477\\
26.4,30434\\
14.4,34792\\
17.6,39467\\
17.6,38937\\
16.4,40997\\
19.6,44711\\
31.9,30065\\
21.5,38842\\
13.5,54981\\
23.8,35026\\
17.9,42064\\
18.1,36541\\
23,39501\\
22.5,39293\\
26.1,34679\\
13.7,45569\\
18.5,42803\\
17.6,49321\\
23.1,36016\\
16.3,44888\\
16.6,43779\\
22,47564\\
14.8,52831\\
30.2,29785\\
25.9,32308\\
25.6,32255\\
17.6,35719\\
21,41104\\
19.3,45802\\
33.7,26036\\
20.8,46545\\
16.6,47529\\
41.9,22973\\
22.9,36220\\
26.3,35684\\
18.7,39485\\
20.9,38988\\
13.7,53483\\
36,21663\\
19.3,39219\\
21.2,42181\\
17.3,50513\\
21.5,38872\\
22,42185\\
31.9,27012\\
18.7,35362\\
7.5,85192\\
8.1,82271\\
27,53853\\
7.1,79500\\
15.5,83295\\
16.6,58708\\
7.7,76250\\
8.4,70640\\
7.4,90749\\
11,65279\\
10.6,67321\\
9.3,74167\\
16.5,45208\\
9.8,74887\\
24.9,53821\\
10.2,77266\\
25.3,61533\\
9.2,70765\\
13.9,63866\\
7.4,86019\\
25.5,37819\\
21,53523\\
21.4,48173\\
15.7,58580\\
14.7,48259\\
19.7,43253\\
20.7,38532\\
21.3,36407\\
12.6,40072\\
10.5,61271\\
15.8,40727\\
26.4,36310\\
15.7,39686\\
29.4,32412\\
21.5,37144\\
22.3,32219\\
15.4,42312\\
19.3,44840\\
25.1,37072\\
18.5,39638\\
18.3,45672\\
16.6,43504\\
23.5,38558\\
18,41081\\
13.2,35794\\
32.6,27036\\
24.4,36092\\
16.3,50316\\
21.9,39472\\
23,36051\\
19.1,41672\\
25.3,38701\\
15.8,40626\\
21,34851\\
18.5,39945\\
17.7,39135\\
24.7,37630\\
22.5,35758\\
23.8,32500\\
18.4,37603\\
27.3,27901\\
17.9,38873\\
18.8,36963\\
20.2,37982\\
12.3,57290\\
19.5,36113\\
21,41862\\
25.6,36417\\
28.6,31584\\
18.1,35252\\
23,36995\\
17.8,38134\\
26,32136\\
17.8,46168\\
33,26652\\
17.3,36893\\
21.4,37487\\
26.6,33870\\
16.8,41244\\
17.3,48850\\
20.9,35930\\
27.5,33102\\
8,58985\\
20.5,37396\\
17.4,36716\\
22.5,40932\\
21.2,43675\\
23.3,31792\\
24.2,33091\\
20.1,41106\\
19.6,34428\\
18,47452\\
26,30097\\
17.8,39696\\
11.3,85743\\
19.8,63438\\
10.6,60636\\
20.5,46516\\
12.8,54800\\
14,56481\\
9.8,88456\\
23.2,41287\\
9.8,74885\\
25.4,48730\\
19.6,46260\\
23.8,44779\\
10.2,51500\\
22.6,50826\\
14.6,54083\\
17,61015\\
22.1,48210\\
8.1,104703\\
15.1,51385\\
19.1,46528\\
23.3,46338\\
18.1,39296\\
9.9,60595\\
14.7,63249\\
8.2,79637\\
12.1,60610\\
12.1,81851\\
8.2,80488\\
13.3,50266\\
15.6,60807\\
16.7,60239\\
9.7,80760\\
18.2,57156\\
13.3,70588\\
11.7,96265\\
17.1,57813\\
13.8,67175\\
7.3,105667\\
15.4,68023\\
8.6,106761\\
18.1,47258\\
12.3,44190\\
20.7,40884\\
11.5,72950\\
10.7,71769\\
17.2,54260\\
16.7,54347\\
20.9,42512\\
19.9,36563\\
27.1,44871\\
13.6,54325\\
10.3,81972\\
19.4,61621\\
18.5,51776\\
27.8,36315\\
9.9,69553\\
11.6,48016\\
19.5,35898\\
24.5,32500\\
13.1,75669\\
9.6,53762\\
11.8,54907\\
6.8,68534\\
21.1,35657\\
29.6,29000\\
24.6,35292\\
15.7,41330\\
16.5,42487\\
15.1,60098\\
14.1,40352\\
3.6,111154\\
7.7,83803\\
4.8,92849\\
11.1,62535\\
15.8,44712\\
5.6,72544\\
13.1,66489\\
14.1,52651\\
12,53056\\
14.8,35801\\
7.8,75170\\
10.6,39250\\
11.5,45881\\
9.6,62533\\
12.4,64980\\
17,40586\\
14,44725\\
16.8,44876\\
16,51971\\
12,50385\\
10.1,53010\\
16.8,45645\\
17.8,44865\\
9.3,51456\\
22.9,35051\\
10.4,61333\\
6.6,61644\\
8.1,50076\\
7.1,67755\\
18.3,41740\\
19.8,42386\\
11.8,57991\\
18.1,38534\\
10.7,67472\\
21,34765\\
10.5,62243\\
17,49583\\
10.3,73538\\
7.5,66809\\
9.9,51458\\
11.2,66489\\
14.3,44668\\
11.2,69936\\
6.8,76438\\
7.2,81673\\
12.1,64872\\
9.9,69411\\
6.5,81312\\
11.1,62553\\
13,57647\\
17.4,77649\\
23.3,45478\\
17.2,59506\\
15.4,50283\\
18.8,46106\\
13.4,51536\\
14,54895\\
12,46511\\
17.4,40574\\
10.4,61971\\
12.8,62407\\
16.8,43504\\
29.9,35435\\
23.7,35910\\
16,51296\\
14.6,47361\\
13.3,51049\\
20.1,41267\\
24.4,39830\\
19.8,42934\\
18,37385\\
14.9,44647\\
26.6,36209\\
24.5,39063\\
25.5,37966\\
14.3,44324\\
18.7,36374\\
15.7,53742\\
12.7,49009\\
13.9,47599\\
17.8,41512\\
14.9,52052\\
20.5,49941\\
21.9,36554\\
17.8,36741\\
13.4,53408\\
17.6,41964\\
10.9,55588\\
19,46338\\
12.7,63030\\
11.5,59955\\
22.3,39059\\
16.7,51586\\
13.4,57256\\
13.6,48289\\
13.7,48968\\
17.3,45988\\
9.1,73640\\
16.6,47132\\
11.3,62731\\
10.5,55236\\
11.8,60739\\
9.2,54771\\
20.4,40600\\
16.4,37188\\
21.4,37460\\
16.1,43838\\
12.6,57866\\
17,50619\\
21,36989\\
24.7,37089\\
27.4,33063\\
23.2,38824\\
19.5,43867\\
27.8,37008\\
14.3,42182\\
13.2,56119\\
14.2,52393\\
30.4,32344\\
23.7,38297\\
26.7,38183\\
23,40688\\
21.8,36812\\
23.6,34890\\
14.1,68589\\
30.4,39305\\
29.2,38707\\
23.5,39655\\
31.5,33125\\
18.6,46844\\
10.8,54537\\
23.1,43257\\
17.3,52215\\
15,46096\\
22.5,35718\\
9.4,75477\\
34.1,34557\\
41.4,23315\\
39.5,21838\\
10.9,72004\\
23.9,36572\\
25.4,34503\\
8.6,74162\\
11.6,67570\\
18.1,41032\\
31.2,33194\\
17.5,43163\\
11.8,62284\\
24.1,36934\\
17.6,55876\\
23.2,33389\\
30.5,34541\\
14.2,59333\\
9.6,64279\\
22.4,35207\\
29.2,33089\\
26,38736\\
15.8,43344\\
6.3,84861\\
6.5,96445\\
25.4,39246\\
16,61336\\
18.8,46211\\
11.5,45273\\
19.2,47546\\
18.8,43452\\
25.4,39462\\
12.1,64496\\
17.2,44474\\
16.1,55622\\
30,29268\\
18,43663\\
7.3,69539\\
18.8,41216\\
17.4,44897\\
11.4,64752\\
16.7,55965\\
24.5,34677\\
19.4,42067\\
20.6,37267\\
26.9,29640\\
30.7,27197\\
21.5,36423\\
14.2,55110\\
20.8,41157\\
28.7,31109\\
27.3,35202\\
11.6,65018\\
16.6,43493\\
23,37711\\
20,53083\\
25,39911\\
20.1,43039\\
26,40469\\
20.3,43285\\
28.6,30851\\
23.1,39015\\
22.7,36368\\
23.3,37255\\
13.3,50666\\
19.5,40308\\
13.4,59572\\
18,41617\\
21.7,43239\\
16.7,52784\\
6.9,77388\\
17.6,43938\\
9.7,63669\\
18.7,43645\\
9.8,61542\\
21,39863\\
12.3,52377\\
19,40652\\
21.8,38750\\
22.8,26750\\
20.3,39297\\
35.1,30640\\
16.3,54175\\
22.2,41267\\
22.6,36556\\
25.5,33999\\
21.6,42398\\
18.1,39756\\
41.5,22413\\
33.4,34219\\
31,30500\\
23.7,36355\\
28.2,29875\\
27.7,28044\\
35.3,32219\\
19.5,41336\\
27.8,38728\\
24.4,35750\\
14.7,41182\\
21,39375\\
21.3,43597\\
27.9,42622\\
27.3,30629\\
12.8,42767\\
22.7,35375\\
17.2,43581\\
12.8,55876\\
24.8,36962\\
26.8,32860\\
27.1,38097\\
21.3,41534\\
19.5,36658\\
29.3,28490\\
19.2,43871\\
21.8,35457\\
26.5,34234\\
23.3,38711\\
21.5,40369\\
9.1,80078\\
11.8,60151\\
17.6,47390\\
14.5,50603\\
15.8,43472\\
13.1,51307\\
14.8,58835\\
11.3,49964\\
14,45607\\
11.9,54150\\
18.3,39512\\
16.2,43207\\
22.3,36667\\
17.1,46426\\
9.4,58750\\
14.7,48162\\
24.2,31927\\
13.9,41122\\
18.9,37976\\
14.9,45154\\
12.2,51583\\
11.9,51806\\
20.7,42888\\
15.9,42626\\
13.5,40299\\
9.5,58055\\
16.3,46421\\
12.6,53189\\
22.5,43310\\
17.1,36031\\
15.3,40313\\
11.5,46383\\
17.9,48021\\
14.4,51804\\
12.6,43491\\
23.3,36092\\
15.5,48447\\
11.6,47602\\
17.4,39835\\
8.3,55986\\
14.4,49118\\
10.4,54015\\
15.7,37521\\
33.4,31014\\
10.6,62701\\
11.6,56289\\
11.3,50555\\
13.1,50156\\
14.3,52068\\
14,47427\\
11.9,47468\\
14.3,50680\\
18.1,58343\\
12.1,52261\\
11.3,54655\\
17.8,44541\\
15.7,50851\\
19.9,39454\\
15.5,48599\\
13.9,47293\\
11.2,51460\\
16.6,39524\\
11.3,47428\\
12.5,55755\\
12.4,56523\\
18.9,46109\\
13.9,45743\\
10.4,74862\\
5.6,89860\\
18.1,41972\\
16.4,44504\\
11.8,58319\\
13.3,54339\\
9.2,58271\\
7.3,82230\\
14.5,64573\\
16.6,49052\\
17.8,44679\\
10.3,55173\\
5.3,74410\\
15.6,47807\\
14.9,49353\\
14.7,45864\\
14.9,41387\\
17.1,34655\\
12.3,49717\\
15,46454\\
14.6,51426\\
17,51103\\
20.6,40722\\
14.9,48542\\
8,60874\\
16.8,46716\\
13.8,47278\\
9.7,54520\\
15.8,46405\\
15.3,51110\\
7.4,69507\\
14.7,51091\\
12.4,57331\\
14.9,49183\\
12.8,40622\\
6.1,75591\\
10.6,59292\\
10.2,56188\\
13.9,45558\\
9.7,52834\\
13.9,50924\\
17.8,40067\\
13,48355\\
10.1,62905\\
11.4,52270\\
10,57307\\
13.8,52449\\
18.2,41476\\
12.6,46669\\
9.9,55588\\
13.3,47108\\
10.7,51149\\
5,90582\\
7,70973\\
12.9,53897\\
5.1,74245\\
16.1,46131\\
16.5,47958\\
11.6,50063\\
9,56574\\
17.9,42878\\
13.7,50722\\
13.9,48362\\
9.4,65272\\
15.6,44837\\
11.2,57190\\
11.5,49985\\
19.8,44869\\
11.5,51869\\
13.3,49372\\
16,46666\\
24.7,45689\\
10.2,53075\\
11.8,60317\\
14,52193\\
9.3,52393\\
15,42803\\
15.6,48315\\
13.9,44643\\
14.5,49689\\
10.6,50196\\
11,65979\\
9.5,60992\\
13.2,47633\\
17,44985\\
10.5,53698\\
18.3,47955\\
17.1,48121\\
13.7,49243\\
9.7,55280\\
16.7,45526\\
15.6,45031\\
19.7,43468\\
20.9,50486\\
9.4,53931\\
8.2,45531\\
18,44815\\
13.4,45440\\
19.9,42030\\
9.5,58950\\
7.7,66080\\
13.3,46861\\
18.2,41813\\
11,53038\\
9.5,57041\\
8.7,64061\\
9.4,57906\\
7.8,59348\\
10.3,54563\\
15.1,45637\\
11.9,53998\\
15.4,49718\\
11.8,48978\\
18.5,51091\\
5.4,82719\\
13.7,52390\\
19.1,41042\\
8.1,59889\\
13.8,47419\\
12.8,48412\\
15.6,48172\\
11,54430\\
9.4,55836\\
9.1,57840\\
8,52207\\
10.4,57558\\
12.2,52275\\
11.6,51422\\
9.1,56363\\
15.2,44516\\
17.7,59965\\
9.1,58391\\
16.3,48266\\
9.5,62702\\
11,54393\\
4.9,62012\\
9.3,57917\\
11.2,52752\\
10.9,50179\\
16.5,43674\\
13.6,46708\\
11.7,63530\\
12.3,57681\\
7.9,66022\\
11,46825\\
13.8,47597\\
14,47197\\
6.2,71514\\
9.1,59157\\
15.9,42434\\
16.2,42148\\
10.1,50072\\
10.1,50880\\
14.2,43031\\
13.6,40986\\
18.5,46640\\
15.9,52075\\
15.7,46070\\
17.6,39379\\
13.2,46964\\
12.6,42772\\
13.7,41101\\
11.2,47167\\
8.9,46094\\
9.4,55434\\
11.9,44199\\
11.3,58662\\
8.1,51563\\
16,46624\\
21.1,38017\\
17.5,41230\\
11.6,49663\\
13.7,50300\\
18.7,54370\\
13.5,39405\\
16.7,49562\\
11.4,48550\\
16.2,51703\\
16.2,49890\\
12.5,53167\\
14.9,46096\\
9,50817\\
12.3,43427\\
8.5,61220\\
11.5,47045\\
12.4,41648\\
9.3,48160\\
16.8,48059\\
13.3,53780\\
8.4,55345\\
8.3,58935\\
14.2,43125\\
5.6,81121\\
13.2,51439\\
7.6,57593\\
8.7,48226\\
17.8,45706\\
10.7,51765\\
9,70022\\
8.4,48693\\
17.4,46576\\
8.9,49926\\
18.6,42992\\
7.6,56946\\
10.7,50212\\
8.9,50420\\
12.2,54167\\
7.7,63501\\
17.5,43977\\
8,43813\\
10.8,53368\\
21.4,44402\\
8.9,48412\\
11.6,50673\\
12.8,54186\\
15.5,42173\\
9.7,51797\\
7.8,46224\\
8.1,46806\\
9.7,64410\\
10.9,53415\\
8.7,50893\\
14,47897\\
11.7,43489\\
22,48428\\
11.3,48352\\
6.7,43594\\
13.8,48427\\
12.6,49728\\
4.3,62198\\
14.7,52841\\
18.8,47535\\
13.2,54667\\
4.8,56607\\
16.5,52030\\
13.3,45357\\
14.5,47121\\
10.8,42222\\
11.8,52695\\
11.1,52465\\
4.8,55197\\
6.1,58947\\
10.6,60000\\
9.7,47992\\
4.4,55109\\
16.8,44468\\
20.6,36493\\
21.4,42783\\
20,40598\\
12,51681\\
18.2,42988\\
22.9,39658\\
24,38763\\
38,23558\\
7.6,72731\\
16.6,47886\\
19.3,45543\\
15.5,43076\\
21.4,40458\\
36,25861\\
17.7,44057\\
10.2,59917\\
17.5,46182\\
22.4,39269\\
14.2,57208\\
17.3,38860\\
27.7,43345\\
21.5,35095\\
26.6,33031\\
