sale_price,house_square_feet\\
3.8,2157\\
3.83,2238\\
4.199,1452\\
2.5166,832\\
5,1780\\
2.5,989\\
3.6,2048\\
3.7,1118\\
4.85,978\\
4.75,2238\\
4.42995,2180\\
5.35,2483\\
7.75,2750\\
5.16521,2738\\
2.65,1374\\
3.58,1518\\
2.3,660\\
3.63,960\\
4.15,2150\\
4.83,2418\\
2.48,650\\
3.85,2397\\
2.6,789\\
6.9,3027\\
3.17,1032\\
4.79,1947\\
3.53,1734\\
2.8,840\\
3.495,1646\\
2.55,1020\\
3.7995,1971\\
4.6,2656\\
3.15,1602\\
4.42,2535\\
2.25,960\\
4.22,2701\\
2.864,1348\\
1.51272,1299\\
4.8,2086\\
1.999,1160\\
3.7,1440\\
3.25,1176\\
3.065,1056\\
2.8,939\\
3.25,1347\\
4.6,1708\\
5.35,2323\\
3.2,1766\\
3.06,1396\\
1.95,1538\\
3.2,1562\\
1.4995,864\\
2.45,1056\\
3.1995,1588\\
3.85,1725\\
4.13,2082\\
5.99,1876\\
3.2375,1588\\
2.95,1192\\
2.13888,1762\\
6.2,1205\\
5.45,3072\\
4.33,3104\\
7.49999,4027\\
3.35,1551\\
2.3595,912\\
3.835,1852\\
3.69,2004\\
4.35,2511\\
3.45,1782\\
3.849,2642\\
4.9,1137\\
2.14213,1411\\
2.85,1387\\
3.5995,1368\\
4.59,2194\\
4.85,2537\\
6.5,2853\\
4.71849,1983\\
5.2,1248\\
5.2,5128\\
3.27,1711\\
3.63,1432\\
4.565,2523\\
3.6995,1908\\
3.8,3209\\
3.26,1548\\
4.35,1907\\
6.1535,1130\\
4.385,1884\\
5.35,2526\\
3.61,1720\\
4.6775,2797\\
3.85,1935\\
3.145,1438\\
4.1,1711\\
4.4,2795\\
4.07,1694\\
7.75,2600\\
1.2,1028\\
1.7,1284\\
5.1499,2748\\
4.05,1075\\
2.9995,1562\\
2.26,676\\
3.485,1728\\
2.9,1550\\
1.65,1000\\
5.1,1380\\
3.175,1347\\
5.15,3011\\
4.15,2692\\
5.3158,2768\\
3.2,1200\\
3.84,2092\\
4.399,2677\\
4.84995,3122\\
8.39995,3525\\
3.45,1244\\
3.1,812\\
2.63,948\\
3.9495,1996\\
2.69,1728\\
5.2495,2596\\
6.1695,2429\\
3.65,2776\\
4.47,1536\\
5.61,2692\\
6.75,2643\\
4.32,2112\\
4.375,2103\\
5.2999,3302\\
4.25,2178\\
4.25,864\\
2.5,1816\\
3.95,2476\\
4.528,2986\\
4.23,2158\\
2.9,818\\
3.51,2356\\
3.9495,1685\\
5.24085,2695\\
2.99,1078\\
4.35,2593\\
4.6,2618\\
3.5,1308\\
3.3099,1070\\
3.649,1676\\
2.635,1172\\
3.4,1252\\
4.12,2375\\
4.3,2070\\
4.2995,2638\\
3.26,1642\\
4,1604\\
3.4595,1452\\
4.25,1994\\
3.75,1276\\
2.3,1088\\
7.148,2853\\
2.95,1511\\
4.515,1416\\
4.15,1958\\
7.095,3602\\
3.3,2232\\
3.95,1152\\
4,1376\\
3.3,1272\\
5.649,3086\\
4.04855,1983\\
3.7945,1953\\
2.73,900\\
3.52,1532\\
4.4,1953\\
3.195,1101\\
3.8,1691\\
3.828,1768\\
4.41,2209\\
5.7845,2634\\
3.065,1306\\
2.9,1728\\
3.8,2030\\
4.93,1008\\
3.8,856\\
3.455,2145\\
3.1495,864\\
3.8995,1884\\
3.8995,420\\
2.42,1442\\
7,3451\\
2.5,772\\
2.677,1204\\
2.45,984\\
5.4995,3092\\
3.19,1478\\
5.15,3166\\
6.565,3832\\
1.25706,792\\
4.28,2296\\
3.8,2004\\
4.1,2158\\
6,2042\\
6,919\\
6,516\\
3.12,1463\\
5.6,1951\\
2.6995,1668\\
4.2556,2304\\
4,2292\\
3.04304,1602\\
2.9995,1008\\
4.799,2160\\
4.85,3206\\
3.679,1676\\
2.05,884\\
2.8866,936\\
2.3,1040\\
3.05,1152\\
4.53,1977\\
3.6,912\\
5.75,2821\\
5.6995,3195\\
3,1580\\
4.75,3065\\
3.15,1398\\
3.895,2238\\
3.82,2161\\
4,1458\\
3.1,1590\\
5.8,2672\\
3.0385,1120\\
3.9,2390\\
4.28,1824\\
3.77,1368\\
4.648,2670\\
6.12,3133\\
4.5162,2406\\
3.7,1606\\
6.6117,1674\\
4.95,1188\\
3.89,1805\\
6.899,4458\\
3.075,1475\\
5.81,2682\\
3,1592\\
5.17,3166\\
3.45,2092\\
3.87,2580\\
4.375,2670\\
3.6,2196\\
4.02,1772\\
5.70913,1790\\
4,1506\\
13.5,6542\\
6,3198\\
4,1730\\
3.15,1166\\
3.1,896\\
3.435,848\\
3.4,1688\\
2.5,1128\\
3.68,1630\\
3.95,1774\\
4.7995,1820\\
2.975,1350\\
4.975,2966\\
4.6,2194\\
3.5995,1088\\
3.5,1336\\
3.95035,2953\\
6.225,3273\\
4.8995,2647\\
3.42,1690\\
4.17,2226\\
3.04,1400\\
3.35,2202\\
4.19,2460\\
4.50861,2441\\
3.32,1314\\
7.1499,1841\\
3.4,1613\\
3.15,1266\\
3.15,1456\\
4.01,1675\\
5.8,2399\\
5.4295,1776\\
4.2,1690\\
3.1995,1248\\
2.83,1354\\
4.05,1245\\
3.55,1588\\
5.59,1584\\
3.75,1830\\
3.7165,1558\\
4.3,2112\\
3.8,2412\\
3.52,2213\\
0.99,3100\\
3.55,1688\\
5.25,2509\\
3.45,2172\\
5.3495,3072\\
3.1,884\\
6.35929,2429\\
4.965,2781\\
3.05,1645\\
1.15,2454\\
2.55,1152\\
5.01757,2576\\
4.7999,2954\\
5.89995,3583\\
4.5,1608\\
3.6,2381\\
6.31773,3039\\
3.59,1482\\
3.549,899\\
3.4995,2005\\
3.915,1622\\
6.12858,2136\\
3.94,1848\\
5.995,2485\\
4.49995,2318\\
4.75,1759\\
4.12,1999\\
3.13,786\\
3.26,1990\\
1.24754,1140\\
3.79,1768\\
6.256,3710\\
2.8,1450\\
4.9995,2468\\
3.9,1613\\
4,1562\\
3.033,1350\\
3.05,1591\\
4.4285,2461\\
6.75,1690\\
0.9669,1633\\
2.15,1680\\
6.9,2293\\
2.8,1062\\
6.6,1128\\
4.72,2100\\
3.5,1792\\
5.7495,2248\\
5.6,2820\\
4.1,1802\\
3.72603,2095\\
6.1195,2429\\
6.95,2276\\
6.95,805\\
3.55,1490\\
5.4495,2784\\
3.9995,2361\\
2.235,965\\
3.425,1525\\
3.529,1104\\
3.83,2374\\
3.2,1971\\
4.45,1982\\
4.24645,1579\\
3.59,2165\\
4.65,1935\\
3.2,990\\
3.05,1848\\
1.69,1980\\
5.1499,2811\\
5,1776\\
2.6,1292\\
3.348,1687\\
2.95,2023\\
3.545,1316\\
5.61274,3602\\
3.15,1340\\
5.34,2363\\
3.55,2654\\
4.7,2406\\
3.45,2042\\
5.34,1736\\
4.59995,2429\\
5.2495,2446\\
6.2,2684\\
3.7,1876\\
3.9,1728\\
3.84056,1854\\
6.4,2863\\
3.5,1200\\
3.4,742\\
3.79,2564\\
3.3,1324\\
4.15,2607\\
7.735,3995\\
3.35,1474\\
3.35,1428\\
1.45518,2080\\
4.85,1348\\
3.15,1852\\
1.9,910\\
3.25,1016\\
