loan_amount,interest_rate,term,grade,state,total_income,homeownership
22000,10.9,60,B,NJ,59000,rent
6000,9.92,36,B,CA,60000,rent
25000,26.3,36,E,SC,75000,mortgage
6000,9.92,36,B,CA,75000,rent
25000,9.43,60,B,OH,254000,mortgage
6400,9.92,36,B,IN,67000,mortgage
3000,17.09,36,D,NY,28800,rent
14500,6.08,36,A,MO,80000,mortgage
10000,7.97,60,A,FL,34000,rent
18500,12.62,60,C,FL,192000,mortgage
17000,17.09,36,D,MD,73000,rent
12000,5.31,36,A,HI,120000,mortgage
16000,7.35,36,A,CT,100000,rent
16500,5.31,36,A,NE,105000,mortgage
3000,7.96,36,A,CA,34000,rent
29400,24.85,60,E,TX,98000,mortgage
13500,18.06,60,D,HI,68700,rent
18200,10.42,60,B,CA,144000,rent
6000,7.96,36,A,CA,100000,rent
18000,19.42,60,D,FL,76000,mortgage
5000,14.08,36,C,MS,169528,mortgage
40000,20,60,D,WI,168000,mortgage
4500,9.44,36,B,WV,80000,mortgage
15000,9.92,36,B,CA,185000,rent
20000,10.91,60,B,NJ,42000,mortgage
20000,5.32,36,A,MA,270000,rent
10000,6.71,36,A,TX,65000,mortgage
9000,15.04,36,C,IN,45000,own
35000,11.98,60,B,RI,245000,mortgage
40000,12.62,36,C,TX,192000,mortgage
13125,10.91,36,B,VA,116000,rent
32000,9.44,36,B,NV,112000,mortgage
18000,9.93,60,B,MA,218000,mortgage
30000,7.35,36,A,CA,103000,rent
4400,18.45,36,D,IL,58000,rent
7000,17.09,36,D,AZ,55000,own
25000,7.96,36,A,MN,65000,mortgage
6500,6.08,36,A,IL,32000,rent
35000,6.71,36,A,MD,325000,mortgage
7500,7.34,36,A,MD,70000,rent
38500,12.62,60,C,CA,160000,mortgage
15000,16.02,36,C,NJ,50000,rent
24000,10.9,60,B,IL,71000,rent
24000,9.93,36,B,MI,85000,mortgage
12800,9.44,36,B,CA,87000,mortgage
6000,10.42,36,B,TX,60000,mortgage
30000,21.45,36,D,NV,58500,mortgage
5825,10.91,36,B,NH,50000,rent
20000,9.43,36,B,IL,103000,own
15000,6.08,36,A,TX,77500,mortgage
