age,amt_weekends\\
42,12\\
53,6\\
40,8\\
41,15\\
34,6\\
36,5\\
56,20\\
58,25\\
42,40\\
31,15\\
78,20\\
76,6\\
59,25\\
40,4\\
28,20\\
20,20\\
23,20\\
44,5\\
67,20\\
40,30\\
31,20\\
43,20\\
18,10\\
22,20\\
27,10\\
40,15\\
57,10\\
31,7\\
61,25\\
71,40\\
75,12\\
35,20\\
28,15\\
67,25\\
35,30\\
57,20\\
37,8\\
37,15\\
43,15\\
37,40\\
39,20\\
32,15\\
30,30\\
60,15\\
48,20\\
38,9\\
61,30\\
57,15\\
32,7\\
35,2\\
59,40\\
21,20\\
38,30\\
77,20\\
31,20\\
28,2\\
16,12\\
40,25\\
40,10\\
24,12\\
27,15\\
78,50\\
55,10\\
29,10\\
31,5\\
69,6\\
64,16\\
28,15\\
67,10\\
40,5\\
21,20\\
21,40\\
68,8\\
41,20\\
75,5\\
21,5\\
33,10\\
44,35\\
31,10\\
48,40\\
23,7\\
37,10\\
46,20\\
18,8\\
50,15\\
67,20\\
18,15\\
40,10\\
26,20\\
28,15\\
76,20\\
25,10\\
24,10\\
41,10\\
32,12\\
28,10\\
55,20\\
34,25\\
36,20\\
31,10\\
38,30\\
57,15\\
29,15\\
58,30\\
37,15\\
53,15\\
76,10\\
29,20\\
55,25\\
57,6\\
16,2\\
37,12\\
20,30\\
34,10\\
42,10\\
53,7\\
57,20\\
35,20\\
25,20\\
51,15\\
33,18\\
40,20\\
34,10\\
28,10\\
44,15\\
21,20\\
40,1\\
18,15\\
39,10\\
33,40\\
35,10\\
23,10\\
32,10\\
35,5\\
50,20\\
60,15\\
44,20\\
32,20\\
56,35\\
42,0\\
61,20\\
49,20\\
51,5\\
35,10\\
75,2\\
68,18\\
36,15\\
49,20\\
43,5\\
27,10\\
44,1\\
54,20\\
24,8\\
85,6\\
45,20\\
19,5\\
22,40\\
78,6\\
28,5\\
23,30\\
20,10\\
49,20\\
34,15\\
30,5\\
25,20\\
59,35\\
42,20\\
49,20\\
32,20\\
67,30\\
40,20\\
28,30\\
73,15\\
57,15\\
16,25\\
64,20\\
40,20\\
34,3\\
34,20\\
28,20\\
24,18\\
43,15\\
64,0\\
23,15\\
55,1\\
61,25\\
62,30\\
46,20\\
27,6\\
20,20\\
46,30\\
29,10\\
47,20\\
30,3\\
18,15\\
49,20\\
75,25\\
30,1\\
23,10\\
